customer_id,recency,frequency,monetary,R,F,M,segment
AA-10315,185,5,5563.560000,2,2,5,Hibernating
AA-10375,20,9,1056.390000,5,5,2,Champions
AA-10480,260,4,1790.512000,1,1,3,Hibernating
AA-10645,56,6,5086.935000,3,3,5,Loyal
AB-10015,416,3,886.156000,1,1,1,Hibernating
AB-10060,55,8,7755.620000,3,4,5,Loyal
AB-10105,42,10,14473.571000,4,5,5,Champions
AB-10150,42,5,966.710000,4,2,2,New / Promising
AB-10165,26,8,1113.838000,5,4,2,Champions
AB-10255,167,9,914.532000,2,5,1,At Risk
AB-10600,51,4,1515.862000,4,1,2,New / Promising
AC-10420,233,3,925.800000,1,1,1,Hibernating
AC-10450,12,7,5527.846000,5,3,5,Loyal
AC-10615,7,5,2537.686000,5,2,3,New / Promising
AC-10660,283,5,657.316000,1,2,1,Hibernating
AD-10180,30,8,6106.880000,4,4,5,Champions
AF-10870,42,7,2052.908000,4,3,3,Loyal
AF-10885,416,4,861.565000,1,1,1,Hibernating
AG-10270,279,5,2582.898000,1,2,3,Hibernating
AG-10300,119,4,367.548000,2,1,1,Hibernating
AG-10330,9,5,660.972000,5,2,1,New / Promising
AG-10390,115,5,200.945000,2,2,1,Hibernating
AG-10495,79,8,2356.855000,3,4,3,Loyal
AG-10525,845,4,1455.038000,1,1,2,Hibernating
AG-10675,98,7,3489.039600,3,3,4,Loyal
AG-10765,78,4,170.584000,3,1,1,Hibernating
AG-10900,97,10,4510.797000,3,5,5,Loyal
AH-10030,13,7,1744.700000,5,3,3,Loyal
AH-10075,35,10,3250.337000,4,5,4,Champions
AH-10120,61,7,1735.514000,3,3,2,Loyal
AH-10195,56,4,1587.452000,3,1,2,Hibernating
AH-10210,7,9,4805.344000,5,5,5,Champions
AH-10465,231,5,2495.391600,1,2,3,Hibernating
AH-10585,22,4,738.504000,5,1,1,New / Promising
AH-10690,411,12,7888.294000,1,5,5,At Risk
AI-10855,14,10,4375.786000,5,5,5,Champions
AJ-10780,76,7,4867.344000,3,3,5,Loyal
AJ-10795,167,7,4501.391000,2,3,5,At Risk
AJ-10945,86,7,1839.240000,3,3,3,Loyal
AJ-10960,75,3,629.248000,3,1,1,Hibernating
AM-10360,29,5,814.012000,4,2,1,New / Promising
AM-10705,163,8,5664.022000,2,4,5,At Risk
AO-10810,502,1,161.280000,1,1,1,Hibernating
AP-10720,42,8,1638.554000,4,4,2,Champions
AP-10915,99,10,3323.556000,3,5,4,Loyal
AR-10345,112,4,1055.694000,2,1,2,Hibernating
AR-10405,126,5,2236.128000,2,2,3,Hibernating
AR-10510,15,5,264.864000,5,2,1,New / Promising
AR-10540,7,6,6608.448000,5,3,5,Loyal
AR-10570,535,1,88.150000,1,1,1,Hibernating
AR-10825,59,8,4523.336000,3,4,5,Loyal
AS-10045,89,7,3050.692000,3,3,4,Loyal
AS-10090,29,9,3255.310000,4,5,4,Champions
AS-10135,42,2,58.820000,4,1,1,New / Promising
AS-10225,23,5,4260.784000,5,2,4,New / Promising
AS-10240,193,7,584.608000,2,3,1,At Risk
AS-10285,20,6,3214.236000,5,3,4,Loyal
AS-10630,93,7,833.398000,3,3,1,Loyal
AT-10435,22,6,1171.814000,5,3,2,Loyal
AT-10735,14,10,3831.864000,5,5,4,Champions
AW-10840,21,4,649.376000,5,1,1,New / Promising
AW-10930,47,7,2852.968000,4,3,4,Loyal
AY-10555,15,4,497.014000,5,1,1,New / Promising
AZ-10750,161,6,1622.018000,2,3,2,At Risk
BB-10990,106,5,744.340000,2,2,1,Hibernating
BB-11545,29,9,6765.728000,4,5,5,Champions
BC-11125,203,9,2933.676000,2,5,4,At Risk
BD-11320,34,12,5718.521000,4,5,5,Champions
BD-11500,36,6,4411.243000,4,3,5,Loyal
BD-11560,279,2,320.540000,1,1,1,Hibernating
BD-11605,98,7,3288.471000,3,3,4,Loyal
BD-11620,70,6,1538.110000,3,3,2,Loyal
BD-11635,10,3,582.646000,5,1,1,New / Promising
BD-11725,94,6,1526.500000,3,3,2,Loyal
BD-11770,328,6,658.466000,1,3,1,At Risk
BE-11335,120,5,4204.676000,2,2,4,Hibernating
BE-11410,99,5,2261.438000,3,2,3,Hibernating
BE-11455,255,6,1727.652000,1,3,2,At Risk
BF-10975,92,7,599.798000,3,3,1,Loyal
BF-11005,40,4,1333.880000,4,1,2,New / Promising
BF-11020,75,8,2888.506000,3,4,4,Loyal
BF-11080,26,3,272.950000,5,1,1,New / Promising
BF-11170,17,11,5907.972000,5,5,5,Champions
BF-11215,66,4,1585.162000,3,1,2,Hibernating
BF-11275,58,3,791.990000,3,1,1,Hibernating
BG-11035,29,8,2798.948000,4,4,4,Champions
BG-11695,37,6,1874.172000,4,3,3,Loyal
BG-11740,58,6,1006.356000,3,3,2,Loyal
BH-11710,24,8,6255.351000,5,4,5,Champions
BK-11260,78,6,659.138000,3,3,1,Loyal
BM-11140,308,4,11789.630000,1,1,5,Hibernating
BM-11575,101,6,808.162000,3,3,1,Loyal
BM-11650,34,11,7294.185000,4,5,5,Champions
BM-11785,219,10,1338.842000,2,5,2,At Risk
BN-11470,25,4,265.296000,5,1,1,New / Promising
BN-11515,10,5,1459.344000,5,2,2,New / Promising
BO-11350,138,5,2682.728000,2,2,3,Hibernating
BO-11425,76,2,130.830000,3,1,1,Hibernating
BP-11050,84,5,983.420000,3,2,2,Hibernating
BP-11095,18,12,2442.044000,5,5,3,Champions
BP-11155,90,6,1697.861000,3,3,2,Loyal
BP-11185,2,9,3675.861000,5,5,4,Champions
BP-11230,40,5,1181.490000,4,2,2,New / Promising
BP-11290,13,7,2475.157000,5,3,3,Loyal
BS-11365,559,5,10501.653000,1,2,5,Hibernating
BS-11380,29,5,3887.834000,4,2,4,New / Promising
BS-11590,36,6,2454.928000,4,3,3,Loyal
BS-11665,583,3,3288.110000,1,1,4,Hibernating
BS-11755,2,7,2562.382000,5,3,3,Loyal
BS-11800,266,2,949.430000,1,1,1,Hibernating
BT-11305,337,5,2567.656000,1,2,3,Hibernating
BT-11395,303,6,2186.613000,1,3,3,At Risk
BT-11440,561,4,603.876000,1,1,1,Hibernating
BT-11485,660,2,415.196000,1,1,1,Hibernating
BT-11530,92,5,2684.492000,3,2,3,Hibernating
BT-11680,21,7,3196.752000,5,3,4,Loyal
BV-11245,335,5,1523.273000,1,2,2,Hibernating
BW-11065,213,3,385.516000,2,1,1,Hibernating
BW-11110,122,8,4750.358000,2,4,5,At Risk
BW-11200,204,6,1738.406000,2,3,2,At Risk
CA-11965,97,6,3789.722800,3,3,4,Loyal
CA-12055,402,5,1679.724000,1,2,2,Hibernating
CA-12265,57,9,2648.287200,3,5,3,Loyal
CA-12310,14,4,1421.954000,5,1,2,New / Promising
CA-12775,121,7,3041.566000,2,3,4,At Risk
CB-12025,48,10,6076.139000,4,5,5,Champions
CB-12415,27,8,1949.200000,5,4,3,Champions
CB-12535,198,8,4246.455500,2,4,4,At Risk
CC-12100,458,6,1770.945000,1,3,3,At Risk
CC-12145,107,7,2471.650000,2,3,3,At Risk
CC-12220,21,12,3913.418000,5,5,4,Champions
CC-12370,44,5,12129.072000,4,2,5,New / Promising
CC-12430,1,10,2870.050000,5,5,4,Champions
CC-12475,40,9,1659.438000,4,5,2,Champions
CC-12550,28,3,113.832000,4,1,1,New / Promising
CC-12610,35,7,2540.631000,4,3,3,Loyal
CC-12670,30,7,2269.701500,4,3,3,Loyal
CC-12685,799,4,2854.115000,1,1,4,Hibernating
CD-11920,41,5,2033.968000,4,2,3,New / Promising
CD-11980,55,3,639.766000,3,1,1,Hibernating
CD-12280,43,2,1205.584000,4,1,2,New / Promising
CD-12790,400,5,1860.732000,1,2,3,Hibernating
CG-12040,50,6,904.468000,4,3,1,Loyal
CG-12520,339,3,1148.780000,1,1,2,Hibernating
CH-12070,691,3,1537.236000,1,1,2,Hibernating
CJ-11875,366,1,16.520000,1,1,1,Hibernating
CJ-12010,190,8,11164.974000,2,4,5,At Risk
CK-12205,40,13,3154.855000,4,5,4,Champions
CK-12325,121,5,2945.321000,2,2,4,Hibernating
CK-12595,44,11,2372.750000,4,5,3,Champions
CK-12760,83,9,1582.109000,3,5,2,Loyal
CL-11890,107,4,1262.014000,2,1,2,Hibernating
CL-12565,285,12,10880.546000,1,5,5,At Risk
CL-12700,106,5,2353.586000,2,2,3,Hibernating
CM-11815,132,6,1673.888000,2,3,2,At Risk
CM-11935,708,2,565.392000,1,1,1,Hibernating
CM-12115,9,4,1661.610000,5,1,2,New / Promising
CM-12160,27,6,2533.314000,5,3,3,Loyal
CM-12190,9,6,1475.144000,5,3,2,Loyal
CM-12235,386,5,2305.712000,1,2,3,Hibernating
CM-12385,38,4,8954.020000,4,1,5,New / Promising
CM-12445,437,3,287.990000,1,1,1,Hibernating
CM-12655,28,6,6339.557600,4,3,5,Loyal
CM-12715,1035,4,3984.452400,1,1,4,Hibernating
CP-12085,83,8,5402.254000,3,4,5,Loyal
CP-12340,161,8,5888.275000,2,4,5,At Risk
CR-12580,58,4,2148.852000,3,1,3,Hibernating
CR-12625,471,3,475.900000,1,1,1,Hibernating
CR-12730,79,4,1600.550000,3,1,2,Hibernating
CR-12820,86,3,1397.872400,3,1,2,Hibernating
CS-11845,92,5,1278.954000,3,2,2,Hibernating
CS-11860,163,6,537.632000,2,3,1,At Risk
CS-11950,26,11,3036.547000,5,5,4,Champions
CS-12130,490,4,884.640000,1,1,1,Hibernating
CS-12175,233,5,844.458000,1,2,1,Hibernating
CS-12250,27,12,2754.216000,5,5,4,Champions
CS-12355,7,11,3202.162000,5,5,4,Champions
CS-12400,3,9,3651.858500,5,5,4,Champions
CS-12460,28,2,550.644000,4,1,1,New / Promising
CS-12490,425,4,1077.228500,1,1,2,Hibernating
CS-12505,59,6,5690.055000,3,3,5,Loyal
CT-11995,97,8,3241.898000,3,4,4,Loyal
CV-12295,255,5,2830.628000,1,2,4,Hibernating
CV-12805,6,9,2370.313600,5,5,3,Champions
CW-11905,23,6,1136.592000,5,3,2,Loyal
CY-12745,61,8,2900.026000,3,4,4,Loyal
Co-12640,550,5,1300.076000,1,2,2,Hibernating
DA-13450,353,4,156.760000,1,1,1,Hibernating
DB-12910,22,8,2171.599000,5,4,3,Champions
DB-12970,242,5,2839.227200,1,2,4,Hibernating
DB-13060,17,7,4531.646000,5,3,5,Loyal
DB-13120,49,7,2973.094000,4,3,4,Loyal
DB-13210,10,10,2332.577000,5,5,3,Champions
DB-13270,54,8,4655.897000,4,4,5,Champions
DB-13360,265,5,1081.466000,1,2,2,Hibernating
DB-13405,188,4,1711.692000,2,1,2,Hibernating
DB-13555,108,7,3908.802800,2,3,4,At Risk
DB-13615,34,7,1989.050000,4,3,3,Loyal
DB-13660,13,7,1155.202000,5,3,2,Loyal
DC-12850,38,9,3336.168000,4,5,4,Champions
DC-13285,24,5,1174.618000,5,2,2,New / Promising
DD-13570,42,6,269.542000,4,3,1,Loyal
DE-13255,719,5,2550.874000,1,2,3,Hibernating
DF-13135,700,3,2390.534000,1,1,3,Hibernating
DG-13300,33,5,3195.818000,4,2,4,New / Promising
DH-13075,278,6,4932.872000,1,3,5,At Risk
DH-13675,776,4,1043.096000,1,1,2,Hibernating
DJ-13420,638,4,2012.520000,1,1,3,Hibernating
DJ-13510,49,8,2501.688000,4,4,3,Champions
DJ-13630,13,3,3356.398000,5,1,4,New / Promising
DK-12835,22,12,3256.480000,5,5,4,Champions
DK-12895,46,5,4282.176000,4,2,4,New / Promising
DK-12985,8,5,1687.040000,5,2,2,New / Promising
DK-13090,43,7,2650.557000,4,3,3,Loyal
DK-13150,11,2,797.832000,5,1,1,New / Promising
DK-13225,11,9,4802.394000,5,5,5,Champions
DK-13375,20,8,3318.486000,5,4,4,Champions
DL-12865,101,8,1503.112000,3,4,2,Loyal
DL-12925,58,6,3272.200000,3,3,4,Loyal
DL-13315,23,8,1458.258000,5,4,2,Champions
DL-13330,58,4,585.020000,3,1,1,Hibernating
DL-13495,77,8,3539.322000,3,4,4,Loyal
DM-12955,115,7,1322.034000,2,3,2,At Risk
DM-13015,58,7,6345.103000,3,3,5,Loyal
DM-13345,23,8,4074.472000,5,4,4,Champions
DM-13525,482,3,1376.792000,1,1,2,Hibernating
DN-13690,218,7,2139.790000,2,3,3,At Risk
DO-13435,134,9,1300.031500,2,5,2,At Risk
DO-13645,27,7,1267.316000,5,3,2,Loyal
DP-13000,127,9,1050.636000,2,5,2,At Risk
DP-13105,7,8,2215.002000,5,4,3,Champions
DP-13165,812,2,1058.616000,1,1,2,Hibernating
DP-13390,359,9,5480.724000,1,5,5,At Risk
DR-12880,4,9,6528.034000,5,5,5,Champions
DR-12940,51,8,8350.868000,4,4,5,Champions
DS-13030,94,4,1762.213000,3,1,3,Hibernating
DS-13180,24,9,2881.812800,5,5,4,Champions
DV-13045,20,5,1119.483000,5,2,2,New / Promising
DV-13465,30,6,3341.587000,4,3,4,Loyal
DW-13195,70,6,1080.751000,3,3,2,Loyal
DW-13480,218,5,5271.628000,2,2,5,Hibernating
DW-13540,99,5,344.080000,3,2,1,Hibernating
DW-13585,243,7,1204.854000,1,3,2,At Risk
Dl-13600,120,5,755.602000,2,2,1,Hibernating
Dp-13240,85,11,7198.761000,3,5,5,Loyal
EA-14035,153,13,2846.705000,2,5,4,At Risk
EB-13705,49,9,3644.978000,4,5,4,Champions
EB-13750,36,10,3236.314000,4,5,4,Champions
EB-13840,91,5,4358.128000,3,2,5,Hibernating
EB-13870,101,10,2767.219000,3,5,4,Loyal
EB-13930,162,5,944.600000,2,2,1,Hibernating
EB-13975,1,4,1643.255000,5,1,2,New / Promising
EB-14110,114,6,3071.126000,2,3,4,At Risk
EB-14170,83,6,1186.326000,3,3,2,Loyal
EC-14050,54,5,461.914000,3,2,1,Hibernating
ED-13885,136,8,3484.920000,2,4,4,At Risk
EG-13900,23,5,1832.020000,5,2,3,New / Promising
EH-13765,136,12,10310.880000,2,5,5,At Risk
EH-13945,218,8,684.171000,2,4,1,At Risk
EH-13990,406,6,825.950000,1,3,1,At Risk
EH-14005,3,7,1219.530000,5,3,2,Loyal
EH-14125,153,10,3082.653000,2,5,4,At Risk
EH-14185,106,6,923.884000,2,3,1,At Risk
EJ-13720,303,4,2162.174000,1,1,3,Hibernating
EJ-14155,58,5,2656.691000,3,2,3,Hibernating
EK-13795,45,4,1303.478000,4,1,2,New / Promising
EL-13735,78,2,124.280000,3,1,1,Hibernating
EM-13810,133,5,2567.010000,2,2,3,Hibernating
EM-13825,56,8,2339.598000,3,4,3,Loyal
EM-13960,152,5,933.704000,2,2,1,Hibernating
EM-14065,48,4,228.990000,4,1,1,New / Promising
EM-14095,114,4,1041.042000,2,1,2,Hibernating
EM-14140,49,6,4588.436000,4,3,5,Loyal
EM-14200,159,3,366.822000,2,1,1,Hibernating
EN-13780,288,4,2199.366000,1,1,3,Hibernating
EP-13915,13,17,5478.060800,5,5,5,Champions
ER-13855,422,3,1245.788000,1,1,2,Hibernating
ES-14020,41,5,3510.458000,4,2,4,New / Promising
ES-14080,29,9,4657.924000,4,5,5,Champions
FA-14230,98,7,2984.054000,3,3,4,Loyal
FC-14245,71,7,3418.742000,3,3,4,Loyal
FC-14335,185,7,3889.366000,2,3,4,At Risk
FG-14260,35,7,1383.144000,4,3,2,Loyal
FH-14275,38,10,4256.272000,4,5,4,Champions
FH-14350,213,4,2271.284000,2,1,3,Hibernating
FH-14365,6,8,6987.196000,5,4,5,Champions
FM-14215,8,10,2456.638000,5,5,3,Champions
FM-14290,37,9,3736.198000,4,5,4,Champions
FM-14380,146,9,2523.266000,2,5,3,At Risk
FO-14305,39,10,2678.438000,4,5,3,Champions
FP-14320,24,8,4046.746000,5,4,4,Champions
FW-14395,363,3,79.750000,1,1,1,Hibernating
GA-14515,150,8,3919.776000,2,4,4,At Risk
GA-14725,6,11,1398.382000,5,5,2,Champions
GB-14530,63,11,1568.440000,3,5,2,Loyal
GB-14575,14,5,4716.288000,5,2,5,New / Promising
GD-14590,6,4,1888.070000,5,1,3,New / Promising
GG-14650,44,9,2224.000000,4,5,3,Champions
GH-14410,76,9,2819.467000,3,5,4,Loyal
GH-14425,51,4,4172.846000,4,1,4,New / Promising
GH-14485,388,2,1361.244000,1,1,2,Hibernating
GH-14665,3,2,146.940800,5,1,1,New / Promising
GK-14620,113,9,6497.270000,2,5,5,At Risk
GM-14440,84,7,3582.820000,3,3,4,Loyal
GM-14455,17,6,3078.624000,5,3,4,Loyal
GM-14500,107,10,1255.682000,2,5,2,At Risk
GM-14680,153,6,3163.628000,2,3,4,At Risk
GM-14695,118,3,6049.966000,2,1,5,Hibernating
GP-14740,765,2,236.530000,1,1,1,Hibernating
GR-14560,1136,2,1284.380000,1,1,2,Hibernating
GT-14635,57,3,9351.212000,3,1,5,Hibernating
GT-14710,37,11,11820.120000,4,5,5,Champions
GT-14755,35,4,226.436000,4,1,1,New / Promising
GW-14605,29,7,2189.019000,4,3,3,Loyal
GZ-14470,8,9,4355.150000,5,5,5,Champions
GZ-14545,158,4,2454.622000,2,1,3,Hibernating
HA-14905,70,7,2163.300000,3,3,3,Loyal
HA-14920,21,8,2584.158000,5,4,3,Champions
HD-14785,769,3,251.360000,1,1,1,Hibernating
HE-14800,13,4,883.532000,5,1,1,New / Promising
HF-14995,22,7,2533.164000,5,4,3,Champions
HG-14845,55,5,785.628000,3,2,1,Hibernating
HG-14965,24,12,3247.642000,5,5,4,Champions
HG-15025,7,7,3690.284000,5,4,4,Champions
HH-15010,73,2,218.668000,3,1,1,Hibernating
HJ-14875,127,5,358.100000,2,2,1,Hibernating
HK-14890,152,8,4877.784000,2,4,5,At Risk
HL-15040,44,6,12873.298000,4,3,5,Loyal
HM-14860,3,10,8236.764800,5,5,5,Champions
HM-14980,248,4,736.276000,1,1,1,Hibernating
HP-14815,31,7,1990.314000,4,4,3,Champions
HR-14770,14,5,1299.288000,5,2,2,New / Promising
HR-14830,160,7,5248.787000,2,4,5,At Risk
HW-14935,118,8,9300.254000,2,4,5,At Risk
HZ-14950,36,5,886.520000,4,2,1,New / Promising
IG-15085,72,4,744.574000,3,1,1,Hibernating
IL-15100,143,7,5040.736000,2,4,5,At Risk
IM-15055,410,3,2872.630000,1,1,4,Hibernating
IM-15070,391,7,4930.474000,1,4,5,At Risk
JA-15970,93,8,6491.026000,3,4,5,Loyal
JB-15400,8,10,1791.605000,5,5,3,Champions
JB-15925,737,3,900.552000,1,1,1,Hibernating
JB-16000,44,7,644.118800,4,4,1,Champions
JB-16045,8,5,2518.115000,5,2,3,New / Promising
JC-15340,115,4,71.263000,2,1,1,Hibernating
JC-15385,176,1,1058.108000,2,1,2,Hibernating
JC-15775,159,9,2772.055000,2,5,4,At Risk
JC-16105,58,5,858.576000,3,2,1,Hibernating
JD-15790,118,5,2152.352000,2,2,3,Hibernating
JD-15895,395,11,7610.864000,1,5,5,At Risk
JD-16015,113,6,385.430000,2,3,1,At Risk
JD-16060,301,3,695.442000,1,1,1,Hibernating
JD-16150,42,8,8828.030500,4,4,5,Champions
JE-15475,194,6,1388.682000,2,3,2,At Risk
JE-15610,49,7,7754.976000,4,4,5,Champions
JE-15715,47,10,8697.843000,4,5,5,Champions
JE-15745,52,13,6760.815000,4,5,5,Champions
JE-16165,21,3,2697.248000,5,1,3,New / Promising
JF-15190,66,7,2279.586000,3,4,3,Loyal
JF-15295,226,5,955.124000,1,2,1,Hibernating
JF-15355,106,6,1911.844000,2,3,3,At Risk
JF-15415,3,6,2371.448000,5,3,3,Loyal
JF-15490,122,11,1082.918000,2,5,2,At Risk
JF-15565,55,8,4198.332000,3,4,4,Loyal
JG-15115,758,3,2358.676000,1,1,3,Hibernating
JG-15160,2,11,6366.392000,5,5,5,Champions
JG-15310,3,6,2240.580000,5,3,3,Loyal
JG-15805,224,6,1507.018000,2,3,2,At Risk
JH-15430,6,4,309.281000,5,1,1,New / Promising
JH-15820,175,6,528.910000,2,3,1,At Risk
JH-15910,42,7,959.477000,4,4,1,Champions
JH-15985,30,6,7954.998000,4,3,5,Loyal
JH-16180,405,4,2256.394000,1,1,3,Hibernating
JJ-15445,484,5,709.178000,1,2,1,Hibernating
JJ-15760,753,2,195.000000,1,1,1,Hibernating
JK-15205,62,5,4427.142000,3,2,5,Hibernating
JK-15325,288,3,383.812000,1,1,1,Hibernating
JK-15370,45,8,2709.632000,4,4,3,Champions
JK-15625,62,7,3760.028000,3,4,4,Loyal
JK-15640,181,9,4760.434000,2,5,5,At Risk
JK-15730,85,10,4867.200000,3,5,5,Loyal
JK-16090,29,3,3747.668000,4,1,4,New / Promising
JK-16120,118,10,2932.484000,2,5,4,At Risk
JL-15130,9,6,1214.956000,5,3,2,Loyal
JL-15175,7,5,1571.523000,5,2,2,New / Promising
JL-15235,120,5,2203.700000,2,2,3,Hibernating
JL-15505,50,6,3173.874000,4,3,4,Loyal
JL-15835,22,11,9799.923000,5,5,5,Champions
JL-15850,615,6,2725.256000,1,3,3,At Risk
JM-15250,38,6,3159.122000,4,3,4,Loyal
JM-15265,38,5,1804.146000,4,2,3,New / Promising
JM-15535,103,7,1733.443000,3,4,2,Loyal
JM-15580,1,5,303.948000,5,2,1,New / Promising
JM-15655,9,5,864.947000,5,2,1,New / Promising
JM-15865,110,7,7625.076000,2,4,5,At Risk
JM-16195,58,10,2833.926000,3,5,4,Loyal
JO-15145,58,9,3254.949000,3,5,4,Loyal
JO-15280,93,6,1934.272000,3,3,3,Loyal
JO-15550,216,5,1090.838000,2,2,2,Hibernating
JP-15460,38,7,1669.135000,4,4,2,Champions
JP-15520,9,7,3635.594000,5,4,4,Champions
JP-16135,103,9,1707.710000,3,5,2,Loyal
JR-15670,594,2,1156.658000,1,1,2,Hibernating
JR-15700,69,1,863.880000,3,1,1,Hibernating
JR-16210,34,5,2201.686000,4,2,3,New / Promising
JS-15595,120,4,1417.654000,2,1,2,Hibernating
JS-15685,43,4,1131.064000,4,1,2,New / Promising
JS-15880,535,5,3868.020000,1,2,4,Hibernating
JS-15940,464,5,469.169000,1,2,1,Hibernating
JS-16030,29,6,2516.494000,4,3,3,Loyal
JW-15220,43,6,7721.714000,4,3,5,Loyal
JW-15955,6,7,1244.086000,5,4,2,Champions
JW-16075,462,4,1428.731000,1,1,2,Hibernating
KA-16525,37,7,1519.506000,4,4,2,Champions
KB-16240,5,7,3152.615000,5,4,4,Champions
KB-16315,297,9,1569.464000,1,5,2,At Risk
KB-16405,118,3,908.821000,2,1,1,Hibernating
KB-16585,231,12,2744.742000,1,5,3,At Risk
KB-16600,2,7,983.922000,5,4,2,Champions
KC-16255,408,6,2120.954000,1,3,3,At Risk
KC-16540,98,4,3908.262000,3,1,4,Hibernating
KC-16675,58,4,1146.050000,3,1,2,Hibernating
KD-16270,485,5,8282.358000,1,2,5,Hibernating
KD-16345,42,6,1888.964000,4,3,3,Loyal
KD-16495,113,12,8181.256000,2,5,5,At Risk
KD-16615,290,5,2243.510000,1,2,3,Hibernating
KE-16420,27,8,1686.731200,5,4,2,Champions
KF-16285,98,7,10604.266000,3,4,5,Loyal
KH-16330,41,8,3312.864000,4,4,4,Champions
KH-16360,2,6,3100.612000,5,3,4,Loyal
KH-16510,23,7,5952.859000,5,4,5,Champions
KH-16630,59,9,3918.966000,3,5,4,Loyal
KH-16690,3,7,5990.799000,5,4,5,Champions
KL-16555,17,8,5016.488000,5,4,5,Champions
KL-16645,48,12,14175.229000,4,5,5,Champions
KM-16225,15,6,2260.958000,5,3,3,Loyal
KM-16375,57,8,5620.186000,3,4,5,Loyal
KM-16660,16,5,453.538000,5,2,1,New / Promising
KM-16720,29,8,4909.472000,4,4,5,Champions
KN-16390,20,9,2617.272000,5,5,3,Champions
KN-16450,53,5,2171.962000,4,2,3,New / Promising
KN-16705,99,8,2280.580000,3,4,3,Loyal
KS-16300,296,3,88.472000,1,1,1,Hibernating
KT-16465,392,7,3057.100000,1,4,4,At Risk
KT-16480,101,10,4642.088400,3,5,5,Loyal
KW-16435,97,5,4416.520000,3,2,5,Hibernating
KW-16570,771,4,449.096000,1,1,1,Hibernating
LA-16780,155,11,8673.222000,2,5,5,At Risk
LB-16735,49,3,50.188000,4,1,1,New / Promising
LB-16795,153,8,4985.676000,2,4,5,At Risk
LC-16870,28,8,2580.704000,4,4,3,Champions
LC-16885,17,12,7663.126000,5,5,5,Champions
LC-16930,42,8,4492.946000,4,4,5,Champions
LC-16960,437,4,3246.626000,1,1,4,Hibernating
LC-17050,55,5,2095.064000,3,2,3,Hibernating
LC-17140,14,9,2633.582000,5,5,3,Champions
LD-16855,553,1,5.304000,1,1,1,Hibernating
LD-17005,415,4,1961.934000,1,1,3,Hibernating
LE-16810,22,6,1469.450000,5,3,2,Loyal
LF-17185,23,7,3930.509000,5,4,4,Champions
LH-16750,152,3,287.426000,2,1,1,Hibernating
LH-16900,22,9,2295.332000,5,5,3,Champions
LH-17020,240,4,318.239000,1,1,1,Hibernating
LH-17155,386,9,1739.689000,1,5,3,At Risk
LL-16840,250,6,2741.204000,1,3,3,At Risk
LM-17065,392,5,1346.774000,1,2,2,Hibernating
LO-17170,3,5,644.350000,5,2,1,New / Promising
LP-17080,41,4,756.606000,4,1,1,New / Promising
LP-17095,10,7,3653.399000,5,4,4,Champions
LR-16915,27,6,5142.892000,4,3,5,Loyal
LR-17035,133,5,1879.306000,2,2,3,Hibernating
LS-16945,179,6,2845.270000,2,3,4,At Risk
LS-16975,21,9,2988.674000,5,5,4,Champions
LS-17200,97,6,1010.256000,3,3,2,Loyal
LS-17230,777,3,368.880000,1,1,1,Hibernating
LS-17245,35,6,1008.136000,4,3,2,Loyal
LT-16765,27,3,329.876000,4,1,1,New / Promising
LT-17110,35,8,2936.252000,4,4,4,Champions
LW-16825,89,5,2238.061000,3,2,3,Hibernating
LW-16990,34,6,3230.308000,4,3,4,Loyal
LW-17125,206,3,1259.040000,2,1,2,Hibernating
LW-17215,22,7,5420.514000,5,4,5,Champions
MA-17560,65,11,4299.161000,3,5,5,Loyal
MA-17995,187,6,2453.284000,2,3,3,At Risk
MB-17305,49,10,1548.702000,4,5,2,Champions
MB-18085,45,7,1428.231000,4,4,2,Champions
MC-17275,77,8,2725.982000,3,4,3,Loyal
MC-17425,400,5,4432.138000,1,2,5,Hibernating
MC-17575,28,8,1303.893000,4,4,2,Champions
MC-17590,52,6,2426.067000,4,3,3,Loyal
MC-17605,113,8,2258.192000,2,4,3,At Risk
MC-17635,190,4,795.154000,2,1,1,Hibernating
MC-17845,2,7,3805.714000,5,4,4,Champions
MC-18100,42,10,2218.980000,4,5,3,Champions
MC-18130,370,5,1581.998000,1,2,2,Hibernating
MD-17350,118,7,3766.382000,2,4,4,At Risk
MD-17860,37,5,1204.910000,4,2,2,New / Promising
ME-17320,43,10,10663.728000,4,5,5,Champions
ME-17725,29,8,1908.453200,4,4,3,Champions
ME-18010,93,4,1256.944000,3,2,2,Hibernating
MF-17665,422,5,937.039000,1,2,1,Hibernating
MF-18250,8,5,1758.300000,5,2,3,New / Promising
MG-17650,30,7,3785.276000,4,4,4,Champions
MG-17680,93,4,2350.188000,3,2,3,Hibernating
MG-17695,556,3,1342.282000,1,1,2,Hibernating
MG-17875,117,5,1242.833000,2,2,2,Hibernating
MG-17890,100,9,776.384000,3,5,1,Loyal
MG-18145,85,4,3061.543000,3,2,4,Hibernating
MG-18205,265,1,16.739000,1,1,1,Hibernating
MH-17290,120,6,2394.025000,2,3,3,At Risk
MH-17440,377,4,400.016000,1,2,1,Hibernating
MH-17455,86,8,2456.182000,3,4,3,Loyal
MH-17620,156,4,1252.800000,2,2,2,Hibernating
MH-17785,99,7,2203.778000,3,4,3,Loyal
MH-18025,50,5,2984.948000,4,2,4,New / Promising
MH-18115,6,9,5503.093000,5,5,5,Champions
MJ-17740,23,7,6320.746000,5,4,5,Champions
MK-17905,29,8,2302.368000,4,4,3,Champions
MK-18160,241,4,1031.602000,1,2,2,Hibernating
ML-17395,70,9,2722.843000,3,5,3,Loyal
ML-17410,55,6,2921.500000,3,3,4,Loyal
ML-17755,30,7,2071.914000,4,4,3,Champions
ML-18040,80,3,742.082000,3,1,1,Hibernating
ML-18265,101,2,162.232000,3,1,1,Hibernating
MM-17260,169,4,1314.023000,2,2,2,Hibernating
MM-17920,8,11,3794.080000,5,5,4,Champions
MM-18055,62,8,2749.881000,3,4,3,Loyal
MM-18280,86,9,775.414000,3,5,1,Loyal
MN-17935,35,6,2477.946000,4,3,3,Loyal
MO-17500,73,4,922.487000,3,2,1,Hibernating
MO-17800,105,8,1687.027000,2,4,2,At Risk
MO-17950,181,2,154.288000,2,1,1,Hibernating
MP-17470,719,7,3206.132000,1,4,4,At Risk
MP-17965,73,9,3983.642000,3,5,4,Loyal
MP-18175,17,9,5087.920000,5,5,5,Champions
MR-17545,126,4,639.178000,2,2,1,Hibernating
MS-17365,274,10,7443.690000,1,5,5,At Risk
MS-17530,435,4,475.656000,1,2,1,Hibernating
MS-17710,414,6,1613.402000,1,3,2,At Risk
MS-17770,122,9,3144.678000,2,5,4,At Risk
MS-17830,453,4,370.348000,1,2,1,Hibernating
MS-17980,27,6,855.116000,4,3,1,Loyal
MT-17815,50,6,2890.139000,4,3,4,Loyal
MT-18070,204,4,1319.449800,2,2,2,Hibernating
MV-17485,28,9,1560.050000,4,5,2,Champions
MV-18190,20,7,1734.574000,5,4,2,Champions
MW-18220,18,7,5341.900000,5,4,5,Champions
MW-18235,45,2,5253.876000,4,1,5,New / Promising
MY-17380,30,7,2254.285000,4,4,3,Champions
MY-18295,72,11,4152.696000,3,5,4,Loyal
MZ-17335,31,4,593.606000,4,2,1,New / Promising
MZ-17515,283,6,2564.906000,1,3,3,At Risk
NB-18580,1166,2,273.872000,1,1,1,Hibernating
NB-18655,20,9,1972.599000,5,5,3,Champions
NC-18340,225,5,2461.404000,2,2,3,Hibernating
NC-18415,42,6,2218.990000,4,3,3,Loyal
NC-18535,7,7,8241.739000,5,4,5,Champions
NC-18625,205,5,1821.742000,2,2,3,Hibernating
ND-18370,28,9,4326.139000,4,5,5,Champions
ND-18460,184,6,2893.455000,2,3,4,At Risk
NF-18385,80,7,8322.826000,3,4,5,Loyal
NF-18475,526,4,377.162000,1,2,1,Hibernating
NF-18595,115,7,2031.472000,2,4,3,At Risk
NG-18355,49,5,1869.580000,4,2,3,New / Promising
NG-18430,49,5,1395.938000,4,2,2,New / Promising
NH-18610,190,7,2673.290000,2,4,3,At Risk
NK-18490,71,7,572.048000,3,4,1,Loyal
NL-18310,59,4,1418.090000,3,2,2,Hibernating
NM-18445,161,7,6459.344000,2,4,5,At Risk
NM-18520,245,10,2161.979000,1,5,3,At Risk
NP-18325,26,6,5529.620000,5,3,5,Loyal
NP-18670,59,5,3908.402000,3,2,4,Hibernating
NP-18685,407,6,1228.698000,1,3,2,At Risk
NP-18700,139,7,7903.182500,2,4,5,At Risk
NR-18550,211,5,2367.277000,2,2,3,Hibernating
NS-18505,7,4,2575.863000,5,2,3,New / Promising
NS-18640,175,13,2964.823000,2,5,4,At Risk
NW-18400,173,7,7234.014000,2,4,5,At Risk
NZ-18565,86,9,2488.310000,3,5,3,Loyal
ON-18715,411,9,1567.520000,1,5,2,At Risk
OT-18730,66,5,3818.624000,3,2,4,Hibernating
PA-19060,104,6,729.408000,3,3,1,Loyal
PB-18805,26,3,740.356000,5,1,1,New / Promising
PB-19105,58,4,688.324000,3,2,1,Hibernating
PB-19150,98,8,1456.950000,3,4,2,Loyal
PB-19210,688,2,132.738000,1,1,1,Hibernating
PC-18745,3,4,1832.064000,5,2,3,New / Promising
PC-19000,882,2,1061.488000,1,1,2,Hibernating
PF-19120,835,4,9062.864000,1,2,5,Hibernating
PF-19165,197,6,2770.000000,2,3,4,At Risk
PF-19225,115,5,2206.128000,2,2,3,Hibernating
PG-18820,37,13,3086.907000,4,5,4,Champions
PG-18895,58,9,1987.164000,3,5,3,Loyal
PH-18790,71,1,729.648000,3,1,1,Hibernating
PJ-18835,40,8,1220.090000,4,4,2,Champions
PJ-19015,135,7,1824.234000,2,4,3,At Risk
PK-18910,484,2,1441.152000,1,1,2,Hibernating
PK-19075,10,12,8646.934000,5,5,5,Champions
PL-18925,16,5,239.481000,5,2,1,New / Promising
PM-18940,387,3,1405.402000,1,1,2,Hibernating
PM-19135,52,4,4115.662000,4,2,4,New / Promising
PN-18775,31,8,1467.152000,4,4,2,Champions
PO-18850,5,11,7473.828200,5,5,5,Champions
PO-18865,1,7,2493.214000,5,4,3,Champions
PO-19180,161,9,4893.043000,2,5,5,At Risk
PO-19195,87,5,1056.858000,3,2,2,Hibernating
PP-18955,98,10,7252.608000,3,5,5,Loyal
PR-18880,37,5,1840.178000,4,2,3,New / Promising
PS-18760,108,6,2181.479000,2,3,3,At Risk
PS-18970,70,8,1278.639000,3,4,2,Loyal
PS-19045,237,7,6843.634000,1,4,5,At Risk
PT-19090,72,4,160.572000,3,2,1,Hibernating
PV-18985,90,5,2876.046000,3,2,4,Hibernating
PW-19030,47,10,3454.916000,4,5,4,Champions
PW-19240,465,7,3922.415000,1,4,4,At Risk
QJ-19255,26,9,6108.338000,5,5,5,Champions
RA-19285,6,9,2617.906000,5,5,3,Champions
RA-19885,44,7,3832.314000,4,4,4,Champions
RA-19915,13,9,4793.543000,5,5,5,Champions
RA-19945,62,5,1686.922500,3,2,2,Hibernating
RB-19330,69,2,1008.196000,3,1,2,Hibernating
RB-19360,97,6,15117.339000,3,3,5,Loyal
RB-19435,20,8,2663.086000,5,4,3,Champions
RB-19465,10,12,4715.466000,5,5,5,Champions
RB-19570,26,5,528.546000,5,2,1,New / Promising
RB-19645,649,5,221.084000,1,2,1,Hibernating
RB-19705,55,4,2067.450000,3,2,3,Hibernating
RB-19795,33,8,5633.316000,4,4,5,Champions
RC-19825,370,6,966.409000,1,3,2,At Risk
RC-19960,111,6,885.752000,2,3,1,At Risk
RD-19480,73,8,4272.930000,3,4,4,Loyal
RD-19585,181,10,2912.894000,2,5,4,At Risk
RD-19660,115,5,2786.632000,2,2,4,Hibernating
RD-19720,22,10,1419.737000,5,5,2,Champions
RD-19810,15,8,1137.616000,5,4,2,Champions
RD-19900,115,9,3133.924000,2,5,4,At Risk
RD-19930,43,4,970.942000,4,2,2,New / Promising
RE-19405,1098,1,48.360000,1,1,1,Hibernating
RE-19450,303,5,876.696000,1,2,1,Hibernating
RF-19345,391,8,3309.150000,1,4,4,At Risk
RF-19735,90,7,2341.296000,3,4,3,Loyal
RF-19840,7,8,945.222000,5,4,1,Champions
RH-19495,33,5,3621.376000,4,2,4,New / Promising
RH-19510,468,6,6979.180000,1,3,5,At Risk
RH-19555,520,2,740.382000,1,1,1,Hibernating
RH-19600,535,3,2085.740000,1,1,3,Hibernating
RK-19300,120,3,1460.192000,2,1,2,Hibernating
RL-19615,122,8,6234.910000,2,4,5,At Risk
RM-19375,346,6,1453.474000,1,3,2,At Risk
RM-19675,7,5,5979.096000,5,2,5,New / Promising
RM-19750,300,1,98.350000,1,1,1,Hibernating
RO-19780,36,7,3815.478000,4,4,4,Champions
RP-19270,497,4,954.645200,1,2,1,Hibernating
RP-19390,34,12,5153.084000,4,5,5,Champions
RP-19855,29,8,2170.716000,4,4,3,Champions
RR-19315,20,2,615.932000,5,1,1,New / Promising
RR-19525,171,6,3302.262000,2,3,4,At Risk
RS-19420,77,5,3221.290000,3,2,4,Hibernating
RS-19765,37,8,4159.770000,4,4,4,Champions
RS-19870,20,2,22.328000,5,1,1,New / Promising
RW-19540,121,7,7397.401000,2,4,5,At Risk
RW-19630,90,9,3279.746000,3,5,4,Loyal
RW-19690,80,5,3495.646000,3,2,4,Hibernating
SA-20830,64,10,4767.341500,3,5,5,Loyal
SB-20170,202,3,1348.020000,2,1,2,Hibernating
SB-20185,189,6,6410.996000,2,3,5,At Risk
SB-20290,48,7,8057.891000,4,4,5,Champions
SC-20020,781,5,3362.963600,1,2,4,Hibernating
SC-20050,41,9,4624.572000,4,5,5,Champions
SC-20095,350,9,14142.334000,1,5,5,At Risk
SC-20230,150,4,4371.958000,2,2,5,Hibernating
SC-20260,188,8,3729.793000,2,4,4,At Risk
SC-20305,30,7,3979.065000,4,4,4,Champions
SC-20380,31,9,5992.536000,4,5,5,Champions
SC-20440,37,7,1874.998000,4,4,3,Champions
SC-20575,93,5,902.728000,3,2,1,Hibernating
SC-20680,127,6,1254.640000,2,3,2,At Risk
SC-20695,90,10,2576.408000,3,5,3,Loyal
SC-20725,188,11,5226.210000,2,5,5,At Risk
SC-20770,42,7,4492.657000,4,4,5,Champions
SC-20800,31,4,279.256000,4,2,1,New / Promising
SC-20845,132,2,280.632000,2,1,1,Hibernating
SD-20485,201,9,6121.114000,2,5,5,At Risk
SE-20110,10,11,12209.438000,5,5,5,Champions
SF-20065,60,7,763.546000,3,4,1,Loyal
SF-20200,60,9,3422.786000,3,5,4,Loyal
SF-20965,49,9,3336.535000,4,5,4,Champions
SG-20080,9,3,3406.581000,5,1,4,New / Promising
SG-20470,184,8,1884.798000,2,4,3,At Risk
SG-20605,109,6,3124.832000,2,3,4,At Risk
SG-20890,227,3,47.946000,1,1,1,Hibernating
SH-19975,30,13,3406.839500,4,5,4,Champions
SH-20395,24,10,2180.718000,5,5,3,Champions
SH-20635,765,2,2096.392000,1,1,3,Hibernating
SJ-20125,96,12,3949.656000,3,5,4,Loyal
SJ-20215,30,6,1341.036000,4,3,2,Loyal
SJ-20500,254,5,1318.776000,1,2,2,Hibernating
SK-19990,9,3,883.409000,5,1,1,New / Promising
SL-20155,71,7,3053.012000,3,4,4,Loyal
SM-20005,422,4,244.494000,1,2,1,Hibernating
SM-20320,80,5,25043.050000,3,2,5,Hibernating
SM-20905,607,1,1043.041000,1,1,2,Hibernating
SM-20950,26,12,5563.392000,5,5,5,Champions
SN-20560,112,6,1860.418000,2,3,3,At Risk
SN-20710,80,7,3127.959200,3,4,4,Loyal
SO-20335,30,6,2602.575500,4,3,3,Loyal
SP-20545,328,6,1306.086000,1,3,2,At Risk
SP-20620,48,9,5440.319000,4,5,5,Champions
SP-20650,387,9,1872.436000,1,5,3,At Risk
SP-20860,80,10,4282.940000,3,5,5,Loyal
SP-20920,71,6,3990.689000,3,3,4,Loyal
SR-20425,9,5,3233.481000,5,2,4,New / Promising
SR-20740,197,8,4345.886000,2,4,5,At Risk
SS-20140,16,8,1324.028000,5,4,2,Champions
SS-20410,111,6,3056.807000,2,3,4,At Risk
SS-20515,492,3,613.400000,1,1,1,Hibernating
SS-20590,433,6,418.490000,1,3,1,At Risk
SS-20875,121,5,964.636000,2,2,2,Hibernating
ST-20530,126,7,433.340000,2,4,1,At Risk
SU-20665,21,7,2595.364000,5,4,3,Champions
SV-20365,102,10,11470.950000,3,5,5,Loyal
SV-20785,321,9,4105.305000,1,5,4,At Risk
SV-20815,77,4,1271.090000,3,2,2,Hibernating
SV-20935,3,8,1903.491000,5,4,3,Champions
SW-20245,82,7,1085.078000,3,4,2,Loyal
SW-20275,31,6,1966.650000,4,3,3,Loyal
SW-20350,163,3,1019.044000,2,1,2,Hibernating
SW-20455,163,7,2921.544000,2,4,4,At Risk
SW-20755,535,2,758.696000,1,1,1,Hibernating
SZ-20035,36,11,3625.329000,4,5,4,Champions
TA-21385,70,4,14595.620000,3,2,5,Hibernating
TB-21055,120,5,1467.881000,2,2,2,Hibernating
TB-21175,59,4,3589.296000,3,2,4,Hibernating
TB-21190,50,4,816.174000,4,2,1,New / Promising
TB-21250,350,7,1602.376000,1,4,2,At Risk
TB-21280,584,6,2198.450000,1,3,3,At Risk
TB-21355,147,5,834.328000,2,2,1,Hibernating
TB-21400,203,7,9133.990000,2,4,5,At Risk
TB-21520,108,9,4737.486000,2,5,5,At Risk
TB-21595,286,5,1387.559000,1,2,2,Hibernating
TB-21625,31,9,2797.668000,4,5,4,Champions
TC-20980,400,5,19052.218000,1,2,5,Hibernating
TC-21145,107,1,1038.260000,2,1,2,Hibernating
TC-21295,28,8,4266.812000,4,4,4,Champions
TC-21475,154,9,1244.976000,2,5,2,At Risk
TC-21535,5,7,742.558000,5,4,1,Champions
TD-20995,38,9,1434.548000,4,5,2,Champions
TG-21310,338,5,3058.372000,1,3,4,At Risk
TG-21640,115,4,2074.661000,2,2,3,Hibernating
TH-21100,345,5,2422.824000,1,3,3,At Risk
TH-21115,59,4,2942.772000,3,2,4,Hibernating
TH-21235,118,8,1022.201000,2,4,2,At Risk
TH-21550,73,7,4234.096000,3,4,4,Loyal
TM-21010,104,8,2955.226000,2,4,4,At Risk
TM-21490,131,3,1094.678000,2,1,2,Hibernating
TN-21040,91,7,3130.221000,3,4,4,Loyal
TP-21130,9,9,4454.056000,5,5,5,Champions
TP-21415,105,5,5329.004800,2,3,5,At Risk
TP-21565,351,4,1936.640000,1,2,3,Hibernating
TR-21325,194,5,675.942000,2,3,1,At Risk
TS-21085,358,2,4.833000,1,1,1,Hibernating
TS-21160,505,6,2163.624000,1,3,3,At Risk
TS-21205,199,7,5371.090000,2,4,5,At Risk
TS-21340,227,5,974.782000,1,3,2,At Risk
TS-21370,37,6,11891.751000,4,3,5,Loyal
TS-21430,173,5,2054.140000,2,3,3,At Risk
TS-21505,12,6,2243.274000,5,3,3,Loyal
TS-21610,56,7,2820.424000,3,4,4,Loyal
TS-21655,239,5,3368.094000,1,3,4,At Risk
TT-21070,32,7,4915.602000,4,4,5,Champions
TT-21220,184,8,1427.044000,2,4,2,At Risk
TT-21265,407,3,439.500000,1,1,1,Hibernating
TT-21460,13,7,5364.808000,5,4,5,Champions
TW-21025,65,7,5278.826000,3,4,5,Loyal
TZ-21580,36,4,1707.286000,4,2,2,New / Promising
VB-21745,55,6,2005.596000,3,3,3,Loyal
VD-21670,582,6,6442.254000,1,3,5,At Risk
VF-21715,14,5,847.944000,5,3,1,Loyal
VG-21790,155,6,846.010000,2,3,1,At Risk
VG-21805,287,5,427.372000,1,3,1,At Risk
VM-21685,55,7,2454.866000,3,4,3,Loyal
VM-21835,118,5,380.690000,2,3,1,At Risk
VP-21730,31,3,993.902000,4,1,2,New / Promising
VP-21760,76,7,3360.526000,3,4,4,Loyal
VS-21820,222,4,1055.981000,2,2,2,Hibernating
VT-21700,1000,2,1736.596000,1,1,2,Hibernating
VW-21775,29,10,6134.038000,4,5,5,Champions
WB-21850,21,11,6160.102000,5,5,5,Champions
XP-21865,44,11,2374.658000,4,5,3,Champions
YC-21895,5,5,5454.350000,5,3,5,Loyal
YS-21880,10,8,6720.444000,5,4,5,Champions
ZC-21910,55,13,8025.707000,3,5,5,Loyal
ZD-21925,203,5,1493.944000,2,3,2,At Risk
